Data,Otwarcie,Najwyzszy,Najnizszy,Zamkniecie,Wolumen
2020-07-17,9126.58,9181.93,9083.27,9154.51
2020-07-18,9150.16,9204.08,9126.06,9181.37
2020-07-19,9180.47,9186.03,9114,9175.75
2020-07-20,9175.91,9232.19,9137.99,9174.18
2020-07-21,9174.11,9430.5,9161.04,9383.57
2020-07-22,9381.85,9394.34,9293.14,9381.49
2020-07-23,9383.91,9673.04,9376.78,9618.66
2020-07-24,9619.07,9647.78,9477.32,9611.2
2020-07-25,9610.84,9743.85,9531.02,9701.95
2020-07-26,9702.46,10138.4,9659.72,9888.63
2020-07-27,9889.27,11132.18,9889.27,11125.84
2020-07-28,11123.26,11395.93,10604.47,11025.21
2020-07-29,11023.71,11348.34,10857.62,11297.07
2020-07-30,11301.23,11319.1,10876.92,11097.26
2020-07-31,11097.37,11453.32,10984.01,11397.67
2020-08-01,11398.61,11873.91,11241.8,11772.18
2020-08-02,11772.95,12105.74,10727.87,11136.86
2020-08-03,11137.39,11475.67,10955.56,11222.75
2020-08-04,11183.99,11414.43,11028.59,11241.09
2020-08-05,11236.37,11790.62,11105.46,11779.11
2020-08-06,11779.73,11909.57,11560.63,11747.23
2020-08-07,11747.95,11911.96,11354.17,11602.49
2020-08-08,11603.79,11810.8,11536.43,11765.41
2020-08-09,11765.16,11802.09,11535.28,11648.47
2020-08-10,11650.41,12072.04,11644.6,11839.01
2020-08-11,11843.57,11939.88,11141.58,11302.45
2020-08-12,11299.68,11620.8,11188.04,11509.61
2020-08-13,11509.1,11733.09,11286.85,11697.92
2020-08-14,11697.43,11861.68,11660.86,11773.93
2020-08-15,11773.56,11981.62,11701.3,11914.37
2020-08-16,11914.82,11974.85,11702,11862.5
2020-08-17,11861.52,12474.48,11776.08,12334.97
2020-08-18,12335.31,12412.6,11863.74,12075.01
2020-08-19,12075.45,12086.86,11598.2,11715.81
2020-08-20,11715.01,11888.57,11680.89,11832.75
2020-08-21,11833.81,11882.15,11497.77,11527.98
2020-08-22,11534.38,11681.18,11379.9,11673.58
2020-08-23,11673.03,11712.15,11521.89,11671.43
2020-08-24,11671.41,11827.45,11597.69,11759.31
2020-08-25,11759.34,11786.73,11134.75,11312.77
2020-08-26,11311.49,11541.3,11261.21,11476.86
2020-08-27,11476.9,11590.33,11139.28,11289.13
2020-08-28,11291.76,11553.2,11270.53,11500.96
2020-08-29,11498.69,11585.9,11436.44,11513.18
2020-08-30,11513.72,11687.99,11470.24,11607.49
2020-08-31,11609.02,11775.01,11586.39,11638.05
2020-09-01,11639.59,12054.87,11544.94,12027.41
2020-09-02,12027.43,12049.18,11220.42,11387.62
2020-09-03,11387.62,11466.31,10514.61,10734.17
2020-09-04,10734.17,10760.16,10021.07,10561.84
2020-09-05,10563.61,10594.72,9884.21,10094.72
2020-09-06,10097.16,10359.63,9978.55,10329.05
2020-09-07,10329.34,10354.48,9895.68,10160.76
2020-09-08,10160.75,10443.72,9939.63,10029.85
2020-09-09,10030.92,10348.46,9868.75,10245.04
2020-09-10,10245.6,10493.28,10191.51,10351.49
2020-09-11,10351.05,10380.78,10216.81,10349.1
2020-09-12,10349.01,10486.58,10282.86,10455.56
2020-09-13,10457.59,10578.85,10224.91,10303.68
2020-09-14,10303.93,10753.06,10259.71,10717.92
2020-09-15,10719.68,10933.94,10630.69,10857.6
2020-09-16,10862.81,11094.01,10673.01,11018.82
2020-09-17,11020.09,11045.98,10760.07,10962.52
2020-09-18,10962.27,11039.97,10824.81,10942.16
2020-09-19,10943.96,11172.12,10897.69,11054.46
2020-09-20,11054.36,11088.34,10778.79,10876.56
2020-09-21,10876.09,10991.97,10346.94,10508.75
2020-09-22,10508.45,10576.61,10366.89,10550.98
2020-09-23,10552.37,10559.88,10167.34,10260
2020-09-24,10256.9,10711.94,10213.82,10651.58
2020-09-25,10651.61,10791.15,10564.66,10752.93
2020-09-26,10756.64,10818.56,10658.19,10730.61
2020-09-27,10728.56,10809.3,10613.66,10726.61
2020-09-28,10734.61,10949.59,10734.61,10890.12
2020-09-29,10889.1,10889.1,10644.14,10770.6
2020-09-30,10772.79,10860.58,10666.35,10708.3
2020-10-01,10706.91,10921.06,10456.41,10592.89
2020-10-02,10594.04,10668.25,10389.82,10477.16
2020-10-03,10476.8,10601.27,10475.38,10578.87
2020-10-04,10585.15,10699.7,10534.97,10653.73
2020-10-05,10653.27,10769.47,10628.32,10743.74
2020-10-06,10743.75,10801.48,10533.32,10575.41
2020-10-07,10575.19,10679.69,10555.41,10663.35
2020-10-08,10663.25,10955.47,10542.64,10884.82
2020-10-09,10884.31,11109.01,10841.87,11059.22
2020-10-10,11058.78,11484.57,11049.39,11378.03
2020-10-11,11373.96,11433.64,11274.08,11328.49
2020-10-12,11325.33,11721.44,11229.86,11692.18
2020-10-13,11691.32,11704.33,11316.3,11454.94
2020-10-14,11453.72,11549.17,11298.88,11383.87
2020-10-15,11384.14,11604.15,11272.07,11505.6
2020-10-16,11499.04,11545.35,11226.17,11344.58
2020-10-17,11344.58,11404.53,11272.41,11349.13
2020-10-18,11349.69,11486.34,11344.02,11463.3
2020-10-19,11462.26,11818.71,11417.25,11756.21
2020-10-20,11755.77,12045.57,11689.99,11930.17
2020-10-21,11931.17,12987.71,11899.32,12938.78
2020-10-22,12930.05,13233.79,12704.16,13156.22
2020-10-23,13154.11,13196.9,12736.37,12919.74
2020-10-24,12917.92,13166.83,12888.59,13080.56
2020-10-25,13080.69,13346.47,12910.73,13020.76
2020-10-26,13020.59,13241.03,12798.27,13056.19
2020-10-27,13055.37,13754.04,13050.79,13736.87
2020-10-28,13737.79,13855.11,12906.15,13266.97
2020-10-29,13267,13642.5,12988.06,13412.45
2020-10-30,13410.7,13673.89,13135,13571.37
2020-10-31,13569.02,14072.54,13433.06,13875.37
2020-11-01,13875.29,13891.75,13631.23,13698.19
2020-11-02,13701.09,13828.39,13224.04,13581.91
2020-11-03,13581.16,13847.22,13303.27,13832.39
2020-11-04,13833.74,14256.47,13541.56,14122.59
2020-11-05,14132.21,15561.63,14084.62,15558.93
2020-11-06,15558.93,15947.65,15223.12,15612.12
2020-11-07,15614.27,15764.99,14441.61,14831.86
2020-11-08,14830.73,15653.05,14740.5,15520.06
2020-11-09,15522.37,15809.75,14834.05,15253.8
2020-11-10,15255.27,15476.84,15099.56,15381.51
2020-11-11,15383.44,15978.82,15288.78,15810.4
2020-11-12,15802.06,16341.5,15482.05,16226.29
2020-11-13,16236.67,16481.47,15977.48,16319.21
2020-11-14,16318.59,16354.05,15727.94,16035.72
2020-11-15,16036.14,16156.54,15796.89,15942.33
2020-11-16,15937.06,16876.16,15878.89,16728.02
2020-11-17,16718.7,17852.02,16563.71,17604.11
2020-11-18,17605.71,18461.46,17277.3,17835.16
2020-11-19,17827.97,18167.56,17367.78,17886.25
2020-11-20,17881.16,18812.46,17723.79,18626.02
2020-11-21,18629.04,18965.93,18370.12,18631.79
2020-11-22,18631.52,18756.34,17644.29,18627.71
2020-11-23,18575.37,18693.52,18029.65,18421.21
2020-11-24,18422.32,19418.44,18129.23,19126.95
2020-11-25,19124.04,19487.42,18647.81,18777.45
2020-11-26,18780.77,18904.52,16274.74,17199.82
2020-11-27,17199.37,17478.26,16469.18,16991.34
2020-11-28,16988.16,17892.2,16897.58,17784.84
2020-11-29,17784.14,18345.29,17547.7,18161.34
2020-11-30,18159.02,19841.86,18153.13,19490.32
2020-12-01,19491.65,19909.56,18225.69,18952.18
2020-12-02,18940.97,19332.99,18355.55,19134.12
2020-12-03,19127.29,19604.12,18891.88,19482.7
2020-12-04,19484.85,19550.08,18620.04,18670.06
2020-12-05,18687.68,19172.97,18517.09,19021.04
2020-12-06,19021.57,19333.91,18889.2,19145.13
2020-12-07,19147.05,19413.15,18911.71,19126.24
2020-12-08,19126.86,19294.8,18471.96,18471.96
2020-12-09,18389.36,18604.84,17671.52,18560.06
2020-12-10,18557.67,18639.14,17921.01,18334.59
2020-12-11,18334.6,18382.04,17598.61,18131.57
2020-12-12,18135.04,18941.54,18030.01,18886.51
2020-12-13,18885.34,19414.57,18738.38,19111.32
2020-12-14,19109.56,19332.61,19010.03,19285.96
2020-12-15,19288.4,19552.23,19064.88,19472.69
2020-12-16,19474,21436.94,19299.98,21397.23
2020-12-17,21389.46,23694.54,21235.76,22963.81
2020-12-18,22976.26,23270.31,22359.84,23029.28
2020-12-19,23030.28,24112.65,22796.34,23919.63
2020-12-20,23922.57,24240.62,23108.71,23484.48
2020-12-21,23485.42,24076.71,22040.08,23184.78
2020-12-22,23174.44,23759.17,22386.91,23723.85
2020-12-23,23723.77,24067.12,22666.35,23270.64
2020-12-24,23277.11,23724.85,22722.32,23676.98
2020-12-25,23701.85,24659.39,23420.47,24565.54
2020-12-26,24568,26769.38,24503.49,26376.78
2020-12-27,26379.7,28329.16,25833.08,26473.92
2020-12-28,26481.85,27429.05,26088.88,26826.48
2020-12-29,26857.74,27176.36,25882.73,27011.57
2020-12-30,27020.72,28985.33,26937.77,28731.52
2020-12-31,28725.66,29301.37,27975.69,29110.37
2021-01-01,29129.06,29665.79,28754.58,29340.43
2021-01-02,29340.18,33246.64,29040.15,32198.69
2021-01-03,32172.1,34770.72,31721.39,33148.12
2021-01-04,33146.98,33621.39,28496.8,31387.02
2021-01-05,31361.18,34486.79,29997.68,34310.41
2021-01-06,34304.01,36477.93,33417,36058.42
2021-01-07,36073.46,40335.15,36052.83,39675.41
2021-01-08,39700.86,41945.44,36696.09,40717.17
2021-01-09,40729.42,41394.99,38798.72,40413.68
2021-01-10,40417.03,41422.33,35315.34,38455.04
2021-01-11,38450.15,38660.65,30314.05,34470.16
2021-01-12,34446.85,36607.99,32526.74,33648.77
2021-01-13,33715.59,37804.59,32426.19,37164.99
2021-01-14,37165.93,40082.91,36776.45,38872.58
2021-01-15,38947.33,39677.43,34459.37,36632.16
2021-01-16,36605.81,37942.11,35425.89,36139.13
2021-01-17,36146.05,36856.58,33858.58,36214.23
2021-01-18,36189.66,37424.07,34809.4,36464.9
2021-01-19,36478.45,37862.58,36093.35,36686.14
2021-01-20,36684.24,36730.9,33527.07,35008.44
2021-01-21,34998.85,35669.53,30080.48,30856.84
2021-01-22,30867.09,33850.02,28823.75,32875.82
2021-01-23,32873.46,33483.6,31442.25,32085.94
2021-01-24,32083.66,33074.48,30992.47,32180.86
2021-01-25,32166.01,34877.33,31938.09,32487.45
2021-01-26,32460.37,32825.68,30856.71,32736.06
2021-01-27,32763.19,32937.04,29272.28,30600.35
2021-01-28,30601.89,33548.33,29909.63,33536.97
2021-01-29,33535.89,38629.1,31998.4,34488.23
2021-01-30,34495.98,34903.21,32875.78,34601.79
2021-01-31,34593.86,34593.86,32219.05,33006.07
2021-02-01,33008.65,34704.38,32342.7,33561.36
2021-02-02,33561.96,36004.08,33464.08,35629.27
2021-02-03,35610.12,37525.69,35426.09,37315.17
2021-02-04,37310.08,38740.3,36249.68,37293.47
2021-02-05,37300.85,38339.88,36638.26,37839.97
2021-02-06,37831.63,40982.01,37809.25,40060.73
2021-02-07,40046.09,40046.09,37411.6,38828.27
2021-02-08,38829.27,44994.26,38077.43,44667.93
2021-02-09,44693.05,48192.9,44679.42,46880.5
2021-02-10,46893.22,47337.39,43769.39,45229.53
2021-02-11,45232.8,48620.26,44061.5,47709.69
2021-02-12,47713.78,48919.57,46264.25,47951.53
2021-02-13,47943.37,48145.41,46295.18,47141.16
2021-02-14,47125.07,49638.86,47090.79,49113.17
2021-02-15,49092.84,49105.82,45938.68,48259.33
2021-02-16,48321.61,50522.6,47071.46,49134.75
2021-02-17,49131.73,52622.27,48968.95,52142.73
2021-02-18,52133.95,52542.49,50908.14,51876.35
2021-02-19,51870.58,56247.06,50782.89,55466.76
2021-02-20,55459.53,57522.13,54196.1,55509.93
2021-02-21,55491.95,58346.64,55425.29,57354.87
2021-02-22,57365.31,57587.59,48389.98,54157.86
2021-02-23,54119.26,54328.9,45016.9,48697.14
2021-02-24,48651.85,51359.84,47041.8,48885.21
2021-02-25,48871.21,52084.15,47450.01,48125.8
2021-02-26,48206.34,48435.06,44200.71,45526.6
2021-02-27,45514.16,48313.94,45439.93,45874.17
2021-02-28,45850.59,46640.88,43143.76,45272.13
2021-03-01,45273.2,49495.28,44976.3,49169.25
2021-03-02,49173.23,50220.96,47097.84,47845.16
2021-03-03,47849.33,52601.54,47790.59,50601.83
2021-03-04,50607.68,51782.52,47516.91,48251
2021-03-05,48246.38,49463.36,46351.48,49094.77
2021-03-06,49087.75,49179.76,47113.25,48959.95
2021-03-07,48964.86,51339.58,48854.33,50515.62
2021-03-08,50515.37,51978.39,49343.72,51602.47
2021-03-09,51618.45,54882.89,51618.45,54807.49
2021-03-10,54842.37,57378.11,53077.9,56941.26
2021-03-11,56932.71,58024.18,54338.53,57954.85
2021-03-12,57955.32,58141.38,55097.89,57253.43
2021-03-13,57241.81,61747.57,56129.51,61086.16
2021-03-14,61071.12,61658.02,59335.67,60209.01
2021-03-15,60215.76,60727.94,54944.56,56148.67
2021-03-16,56160.99,56818.55,53302.87,56308.07
2021-03-17,56285.37,58956.28,54185.92,58356.59
2021-03-18,58387.26,60070.33,57035.47,57695.57
2021-03-19,57656.94,59441.36,56302.82,58531.77
2021-03-20,58511.08,59887.11,57842.98,58538.37
2021-03-21,58514.8,58589.66,55652.84,57637.37
2021-03-22,57611.49,58422.26,53813.08,54574.88
2021-03-23,54616.05,55836.27,52990.73,54395.13
2021-03-24,54391.53,57192.06,51704.9,52596.73
2021-03-25,52536.85,53186.66,50444.41,51757.9
2021-03-26,51763.07,54800.24,51269.2,54431.57
2021-03-27,54427.9,56551.35,54005.21,56412.04
2021-03-28,56409.04,56516.5,54723.56,55143.22
2021-03-29,55141.22,58382.24,54922.48,57555.35
2021-03-30,57560.06,59397.98,57055.95,58761.78
2021-03-31,58758.28,59813.37,56969.29,58949.35
2021-04-01,58946.82,59469.44,57959.45,58755.89
2021-04-02,58753.21,60057.4,58471.92,58774.31
2021-04-03,58766.69,59759.08,57553.93,57679.01
2021-04-04,57656.04,58488.93,56501.13,58115.01
2021-04-05,58126.03,59215.51,56838.23,58673.43
2021-04-06,58680.73,59459.5,57386.01,57927.25
2021-04-07,57878.68,58624.31,55471.62,56185.72
2021-04-08,56168.54,58145.58,55725.84,57675.68
2021-04-09,57673.59,58881.65,57571.12,58340.46
2021-04-10,58340.35,61182.46,57869.45,59107.93
2021-04-11,59119.8,60659.27,59040.19,59546.6
2021-04-12,59571.89,61232.72,59420.66,60002.2
2021-04-13,59989.55,63680.47,59820.4,63137.94
2021-04-14,63128.33,64830.5,61366.49,62810.22
2021-04-15,62778.16,63813.87,62042.25,63460.86
2021-04-16,63458.68,63582.92,60061.44,61840.05
2021-04-17,61826.37,62539.41,59725.65,60773.59
2021-04-18,60773.06,60857.5,52864.15,56352.34
2021-04-19,56362.07,57573.59,54297.06,56337.85
2021-04-20,56332.63,57085.68,53434.75,57014.44
2021-04-21,57049.17,57094.38,54358.36,54816.2
2021-04-22,54780.89,55454.84,50552.85,51699.53
2021-04-23,51655.72,52217.37,47534.56,50439.98
2021-04-24,50359.28,51216.61,48774.88,50876.92
2021-04-25,50909.44,50996.92,47090.12,47694.45
2021-04-26,47674.91,54388.07,47600.66,53384.26
2021-04-27,53403.48,55487.97,52960.22,55323.9
2021-04-28,55322.11,56442.68,53907.63,54857.8
2021-04-29,54853.51,55208.42,52399.57,53340.24
2021-04-30,53349.98,57372.81,53096.56,57046.48
2021-05-01,57045.85,58497.46,56967.38,57468.41
2021-05-02,57480.92,57961.56,56137.39,56701.56
2021-05-03,56701.58,58963.05,56303.03,57130.72
2021-05-04,57139.08,57489.45,53334.12,54386.58
2021-05-05,54388.6,57939.49,52993.34,56844.82
2021-05-06,56855.33,58380.94,55340.92,56386.41
2021-05-07,56354.72,58685.05,55344.38,57426.57
2021-05-08,57425.37,59521.05,56832.58,58863.02
2021-05-09,58869.5,59276.61,56397.64,58101.36
2021-05-10,58078.16,59587.02,54292.53,55755.62
2021-05-11,55727.96,56927.77,54526.65,56571.94
2021-05-12,56580.14,57993.13,53597.32,54579.29
2021-05-13,54578.92,54784.32,47054.39,49594.18
2021-05-14,49594.06,51549.96,48475.25,49864.94
2021-05-15,49861.83,50702.08,46999.03,48449.38
2021-05-16,48451.2,49795.69,43942.32,45245.65
2021-05-17,45210.91,46637.1,42166.69,43547.62
2021-05-18,43520.38,45813.2,42451.07,43010.06
2021-05-19,43006.66,43550.53,30108.11,38872.52
2021-05-20,38840.66,42505.59,35021.67,40704.35
2021-05-21,40763.56,42209.29,33582.72,36663.66
2021-05-22,36669.61,38825.32,35294.18,38188.39
2021-05-23,38215.3,38360.64,31190.22,34057.92
2021-05-24,34070.2,39896,33690.34,38641.79
2021-05-25,38531.49,39834.36,36537.16,37983.34
2021-05-26,37983.45,40845,37867.15,39102.29
2021-05-27,39094.38,40353.77,37225.27,39048.18
2021-05-28,38995.3,39168.29,34758.44,35041.21
2021-05-29,35046.5,37292.51,33676.01,34679.95
2021-05-30,34686.03,36449.9,33459.26,35961.72
2021-05-31,35956.92,37470.84,34216.36,36966.57
2021-06-01,36943.56,37905.3,35734.9,36389.27
2021-06-02,36405.16,38223.98,35941.18,37809.74
2021-06-03,37810.76,39481.11,37202.79,38779.5
2021-06-04,38766.24,39271.38,35648.19,37220.06
2021-06-05,37225.19,37907.75,34852.5,35000.07
2021-06-06,35008.99,36446.66,34919.36,35940.32
2021-06-07,35944.38,36776.7,33702.66,34136.83
2021-06-08,34137.77,34295.78,31062.66,33526.18
2021-06-09,33510.52,36850.97,32440.25,36648.45
2021-06-10,36655.93,38355.96,35829.96,36658.74
2021-06-11,36710.33,37659.36,35995.03,36924.25
2021-06-12,36933.54,37486.46,34691.06,35853.81
2021-06-13,35831.69,39371.12,34822.1,38899.82
2021-06-14,38897,40999.11,38713.82,40284.14
2021-06-15,40289.28,41306.66,39586.79,39968.84
2021-06-16,39969.72,40486.58,38359,38756.05
2021-06-17,38767.13,39526.71,37398.02,37743.33
2021-06-18,37750.98,38202.35,35168.03,35681.22
2021-06-19,35680.06,36376.3,34887.31,35896.86
2021-06-20,35887.74,36113.34,33377.88,35568.15
2021-06-21,35563.83,35776.28,31420.58,31499.8
2021-06-22,31512.95,33296.18,28935.49,32496.3
2021-06-23,32485.75,34796.09,31807.24,33381.18
2021-06-24,33365.81,35231.92,32344.94,34797.49
2021-06-25,34780.04,35492.77,31500.16,31770.56
2021-06-26,31780.86,32661.44,30195.11,31445.12
2021-06-27,31466.27,33587.65,31425.24,32844.97
2021-06-28,32871.23,35290.72,32843.94,34690.38
2021-06-29,34658.73,36566.07,34151,36249.43
2021-06-30,36238.69,36254.86,34072.75,34809.39
2021-07-01,34822.22,35206.4,32799.1,33505.08
2021-07-02,33501.06,33950.68,32733.75,33465.91
2021-07-03,33464.59,34929.13,33355.37,34595.26
2021-07-04,34579.96,35944.44,34295.89,35866.53
2021-07-05,35889.35,35889.35,33180.88,34169.84
2021-07-06,34164.49,35088.68,33581.41,33766.68
2021-07-07,33765.91,35044.83,33739.41,34250.12
2021-07-08,34250.47,34290.54,32118.69,32686.88
2021-07-09,32686.84,34002.3,32289.89,33871.27
2021-07-10,33861.06,34230.25,33062.36,33431.63
2021-07-11,33429.01,34578.63,33335.4,34473.46
2021-07-12,34491.35,34635.86,32663.2,32868.73
2021-07-13,32866.92,33324.86,32215.24,32583.88
2021-07-14,32587.64,33064.55,31627.8,32861.26
2021-07-15,32859.57,33184.13,31155.16,31730.85
2021-07-16,31675.69,32254.91,31072.93,31745.52
2021-07-17,31742.68,31950.85,31201.93,31728.59
2021-07-18,31728.95,32438.88,31158.82,31847.65
2021-07-19,31848.22,31942.76,30493.68,30783.38
2021-07-20,30768.3,31061.78,29324.26,29702.2
2021-07-21,29702.39,32811.31,29511.46,31841.66
2021-07-22,31844.98,32596.5,31740.27,32163.44
2021-07-23,32145.2,32885.9,32039.75,32647.71
2021-07-24,32628.62,34516.81,32605.85,34124.62
2021-07-25,34125.45,34818.56,33889.29,34587.33
2021-07-26,34588.49,40533.88,34491.21,37115.72
2021-07-27,37129.87,38771.06,36422.45,38284.35
2021-07-28,38357.22,40883.81,38146.43,40102.8
2021-07-29,40102.44,40627.74,39324.95,39560.89
2021-07-30,39564.38,41497.48,38371.38,41175.53
2021-07-31,41202.77,42312.49,41029.41,41980.21
2021-08-01,41980.94,42577.89,40668.43,41092.28
2021-08-02,41086.36,41201.43,38699.63,39210.46
2021-08-03,39213.15,39774.37,37715.48,38322.67
2021-08-04,38332.56,39953.33,37528.68,39833.77
2021-08-05,39835.53,41402.69,37349.23,40926.51
2021-08-06,40930.81,43274.89,39925.2,42482.75
2021-08-07,42478.56,44553.06,42478.56,43644.25
2021-08-08,43599.7,45299.54,43322.09,44260.26
2021-08-09,44256.06,46464.17,42818.07,45719.19
2021-08-10,45732.64,46653.92,44680.35,45726.46
2021-08-11,45711.73,46760.8,45255.61,46371.31
2021-08-12,46353.14,46353.14,43837.03,44249.34
2021-08-13,44249.88,47830.31,43904.95,47588.08
2021-08-14,47582.41,48128.1,46056.9,47049.75
2021-08-15,47049.84,47365,45607.16,46886.01
2021-08-16,46883.82,48052.96,45686.24,46069.78
2021-08-17,46069.47,47095.94,44593.11,44776.7
2021-08-18,44777.68,46021.52,44242.54,44621.77
2021-08-19,44600.46,46854.69,43994.64,46623.04
2021-08-20,46621.62,49303.87,46363.93,49303.87
2021-08-21,49324.85,49793.72,48330.03,49209.17
2021-08-22,49197.82,49466.51,48138.82,48713.75
2021-08-23,48719.16,50498.85,48653.61,49563.33
2021-08-24,49564.04,49858.09,47847.23,48200.97
2021-08-25,48204.41,49156.52,47143.96,49076.18
2021-08-26,49091.34,49353.67,46470.29,47263.73
2021-08-27,47267.68,49165.79,46382.31,48999.27
2021-08-28,48997.43,49304.6,48416.97,48972.05
2021-08-29,48971.81,49649.32,47865.75,48912.45
2021-08-30,48914.56,49396.36,47440.69,48407.41
2021-08-31,48405.47,48465.93,46719.36,46958.78
2021-09-01,46949.13,49018.21,46556.81,48447.06
2021-09-02,48445.81,50357.97,48320.28,49831.8
2021-09-03,49828.61,51017.44,48364.94,50250.58
2021-09-04,50251.25,50544.77,49519.14,50227.48
2021-09-05,50227.99,51808.05,49513.56,51728.37
2021-09-06,51724.39,52205.34,51046.41,52114.15
2021-09-07,52119.1,52913.02,43954.25,46502.89
2021-09-08,46551.68,47348.1,44484.75,46076.86
2021-09-09,46072.34,47298.93,45613.22,46487.16
2021-09-10,46487.43,47025.41,44237.11,44618.11
2021-09-11,44596.74,45984.93,44305.25,45403.88
2021-09-12,45402.7,46213.19,44775.81,45287.95
2021-09-13,45288.41,46815.71,43559.79,45162.28
2021-09-14,45133.23,46955.2,44786.91,46689.74
2021-09-15,46656.4,48445.56,46603.79,48183.23
2021-09-16,48181.35,48493.45,47053.88,47672.82
2021-09-17,47676.35,48166.66,46791.68,47246.82
2021-09-18,47268.34,48790.43,46918.7,47908.27
2021-09-19,47908.57,48366.87,47130.87,47461.24
2021-09-20,47460.42,47607.87,42601.28,43507.05
2021-09-21,43509.88,43917.91,39782.26,41435.94
2021-09-22,41428.26,44000.85,40250.02,43259.93
2021-09-23,43263.52,44930.68,43108.87,44692.63
2021-09-24,44694.83,45130.43,40863.19,42953.04
2021-09-25,42960.21,43118.11,41726.4,42724.43
2021-09-26,42722.92,43729.24,40829.53,43581.93
2021-09-27,43583.08,44338.58,42633.73,43096.22
2021-09-28,43098.54,43399.52,41144.15,41877.43
2021-09-29,41871.78,42571.16,40813.07,41250.15
2021-09-30,41247.96,44097.48,41124.65,43774.71
2021-10-01,43758.66,48439.2,43310.87,48378.75
2021-10-02,48370.82,48462.54,47479.85,48168.25
2021-10-03,48152.92,49182.49,47159.87,47809.81
2021-10-04,47794.97,49498.73,46966.53,48921.92
2021-10-05,48933.36,51884.61,48748.78,51762.19
2021-10-06,51762.08,55373.11,50445.19,55108.19
2021-10-07,55103.37,55652.91,53470.93,54293.55
2021-10-08,54295.27,55994.73,53669.49,54190.68
2021-10-09,54189.88,55448.4,53721.75,54865.73
2021-10-10,54865.65,56447.09,54192.37,54866.04
2021-10-11,54834.27,57819.22,54411.87,57143.78
2021-10-12,57156.24,57634.04,54142.16,56046.72
2021-10-13,56058.61,57700.65,54284.24,57516.62
2021-10-14,57505.82,58510.95,56867.88,57758.19
2021-10-15,57761.97,62852.27,56890.84,61199.95
2021-10-16,61216.71,62331.49,60175.86,60704.21
2021-10-17,60677.52,61420.25,59083.78,60609.91
2021-10-18,60629.81,62618.17,59935.54,61780.07
2021-10-19,61779.48,64334.62,61440.84,64094.95
2021-10-20,64095.36,66961.24,63552.49,65813.09
2021-10-21,65811.26,66642.86,62284.86,62698.17
2021-10-22,62739.91,63716.08,60060.49,60414.78
2021-10-23,60395.83,61730.57,59744.96,61040.65
2021-10-24,61039.34,61479.17,59536.6,60964.75
2021-10-25,60967.56,63703.9,60660.25,62839.91
2021-10-26,62829.54,63279.42,60642.61,60734.57
2021-10-27,60828.69,61465.84,58154.72,58801.19
2021-10-28,58796.73,62194.08,58164.21,60732.61
2021-10-29,60726.84,62954.23,60316.76,62384.75
2021-10-30,62385.49,62473.51,60838.42,61503.46
2021-10-31,61490.35,62388.41,60041.93,61428.18
2021-11-01,61417.06,62470.22,59586.11,61140.2
2021-11-02,61134.04,64278.56,60691.05,62980.01
2021-11-03,62976.77,63543.13,61133.51,62811.45
2021-11-04,62810.04,63098.23,60769.38,61186.79
2021-11-05,61186.5,62610.4,60789.77,61133.95
2021-11-06,61121.74,61589.51,60132.73,61402.83
2021-11-07,61406.77,63097.01,61338.45,62832.63
2021-11-08,62841.07,66554.45,62814.05,66539.23
2021-11-09,66536.97,68501.65,66343.04,67305.13
2021-11-10,67304.57,68976.48,63525.99,65145.62
2021-11-11,65139.35,65578.63,64144.41,65210.86
2021-11-12,65207.07,65462.48,62322.14,63929
2021-11-13,63948.46,64963.55,63407.75,64258.57
2021-11-14,64285.3,65312.79,63634.86,64526.58
2021-11-15,64532.25,66334.83,63447.95,63962.9
2021-11-16,63969.39,63975.66,58798.28,60615.35
2021-11-17,60615.2,60830.85,58586.6,59992.05
2021-11-18,60004.93,60955.42,56614.61,56614.61
2021-11-19,56646.51,58395.53,55669.82,57906.76
2021-11-20,57890.68,59779.29,57483.75,59779.29
2021-11-21,59760.01,60046.69,58596.33,59160.08
2021-11-22,59179.05,59362.87,55698.87,56741.71
2021-11-23,56748.21,57880.67,55441.62,57586.02
2021-11-24,57588.55,57753.54,55902.3,57010.68
2021-11-25,57003.37,59444.44,56992.57,58931.25
2021-11-26,58931.26,59361.33,53577.26,54098.98
2021-11-27,54095.65,55314.4,53556.96,54917.54
2021-11-28,54895.02,56765.79,53529.85,56094.7
2021-11-29,56071.91,58900,56071.91,58117.12
2021-11-30,58113.09,59245,55958.33,57345.01
2021-12-01,57335.8,59112.94,56487.17,57077.67
2021-12-02,57103.96,57421.52,55855.48,56887.65
2021-12-03,56885,57660.01,51689.48,53440.27
2021-12-04,53431,53875.94,44582.47,49303.19
2021-12-05,49307,49782.99,47875.12,49338.3
2021-12-06,49335.72,51012.83,47241.4,50891.36
2021-12-07,50882.34,51988.72,50074.81,50261.86
2021-12-08,50268.91,51242.8,48673.1,50230.87
2021-12-09,50246.78,50843.37,47327.6,47958.52
2021-12-10,47960.24,50112.11,47312.61,47523.61
2021-12-11,47522.24,49299.99,46800,48854.78
2021-12-12,48853.81,50811.44,48675.65,50330.79
2021-12-13,50313.41,50397.52,45841.81,46913.46
2021-12-14,46907.8,48669.4,46323.05,48285.9
2021-12-15,48280.4,49499.99,46583.25,48752.81
2021-12-16,48764.16,49450.74,47529.82,47830.03
2021-12-17,47830.86,48009.76,45498.72,46533.98
2021-12-18,46515.04,47367.27,45534.88,46807.88
2021-12-19,46792.56,48290,46440.57,47360.86
2021-12-20,47323.53,47544.94,45577.38,46792.05
2021-12-21,46751.6,49330.06,46653.25,49286.28
2021-12-22,49296.53,49579.97,48442.56,48997.68
2021-12-23,49001.48,51391.51,48039.6,50777.37
2021-12-24,50777.39,51865.29,50447.68,50785.3
2021-12-25,50796.73,51169.76,50191.27,50633.48
2021-12-26,50629.82,51295.33,49558.95,50999.91
2021-12-27,51005.67,52093.74,50469.18,51035.36
2021-12-28,51035.36,51075.53,47319.73,47701.16
2021-12-29,47689.56,48141.91,46591.28,47284.05,44617
2021-12-30,47284.06,47909.58,45983.62,47083.41,156400
2021-12-31,47094.3,48557.97,45682.57,46308.62,165647.64126011
2022-01-01,46308.61,47954.79,46142.88,47450.24,97690.498904693
2022-01-02,47450.23,47981.14,46669.33,47264.84,89208.102676195
2022-01-03,47264.83,47574.76,45704.57,46222.53,123696.62085234
2022-01-04,46222.53,47556.92,45490.9,46155.29,153019.76299514
2022-01-05,46147.77,47063.54,42495.75,43439.93,203519.31044276
2022-01-06,43432.7,43800,42429.34,43176.65,169849.47665674
2022-01-07,43176.65,43237.09,40803.84,41537.67,211436.1770068
2022-01-08,41537.67,42300,40586.19,41912.12,132679.78228361
2022-01-09,41911.1,42786.67,41204.09,42205.36,98137.285115821
2022-01-10,42205.36,42280,39716.04,41604.98,184553.62339125
2022-01-11,41602.47,43099.19,41265.87,42717.4,156067.44818591
2022-01-12,42717.63,44324.58,42458.49,43860.48,140355.27165791
2022-01-13,43860.49,44522.25,42328.15,42614.48,127188.89246805
2022-01-14,42611.74,43466.15,41746.89,43263.54,124644.53724968
2022-01-15,43263.54,43821.61,42587.03,43259.02,84035.14844798
2022-01-16,43259.01,43485.47,42614.42,43207.28,79910.947401932
2022-01-17,43209.69,43280.3,41557.38,42094.02,109301.77657587
2022-01-18,42094.01,42687.66,41296.54,42495.57,121976.18137208
2022-01-19,42493.69,42577.92,41152.34,41989.48,135783.37008353
2022-01-20,41989.47,43518.05,40864.09,41175.47,142558.22401867
2022-01-21,41172.59,41185.17,35560.11,36138.81,317850.87701759
2022-01-22,36143.5,36849.02,34100.46,34885.46,317395.71859034
2022-01-23,34878.55,36159.83,34607.93,35518.32,184536.4981698
2022-01-24,35515.58,37471.45,32971.75,36382.17,325739.56566081
2022-01-25,36382.17,37557.25,35713.72,36796.39,197825.62737615
2022-01-26,36803.39,38898.18,36261.74,36535.42,228501.21407178
2022-01-27,36531.31,37208.71,35528.31,36727.23,198879.40146105
2022-01-28,36717.71,38011.4,36169.48,37667.11,165313.95980362
2022-01-29,37662.62,38657.28,37299.27,38154.67,104164.19142584
2022-01-30,38151.44,38369.33,37367.74,37800.89,79404.638326157
2022-01-31,37798.69,38757.36,36667.33,38431.67,142724.74111358
2022-02-01,38431.66,39284.83,38019,38717.66,129510.01585305
2022-02-02,38717.8,38911.32,36623.48,37036.9,123446.00007461
2022-02-03,37046.89,37159.14,36299.6,36951.63,120638.69539942
2022-02-04,36951.86,40901.37,36893.1,40674.24,198769.92036782
2022-02-05,40674.26,41946.86,40593.09,41604.83,120555.23025765
2022-02-06,41604.83,42192.68,41141.23,41611.97,69618.326459555
2022-02-07,41599.58,44526.25,41513.75,44096.97,193808.22102363
2022-02-08,44100.84,45523.55,42703.19,44102.46,222509.75654189
2022-02-09,44102.66,44848.27,43152.41,44606.76,137342.65360535
2022-02-10,44606.77,45861.19,43239.05,43980.32,190035.8576858
2022-02-11,43988.36,44078.43,42014.6,42167.65,158682.22658379
2022-02-12,42167.66,43091.07,41764.18,42196.6,99506.460840425
2022-02-13,42196.6,42780.65,41890.93,42405.43,68723.428118983
2022-02-14,42396.98,42865.79,41579.94,42690.91,127780.0078481
2022-02-15,42699.41,44526.7,42448.45,44195.68,133266.48996754
2022-02-16,44195.67,44776.86,43340.15,44032.5,113177.94831175
2022-02-17,44032.51,44190.72,40097.25,40737.02,166107.79389943
2022-02-18,40742.77,40984.46,39537.25,39964.42,141787.48843307
2022-02-19,39959.26,40462.21,39658.85,40035.4,63982.841142052
2022-02-20,40035.41,40164.07,38018.31,38838.25,103305.8397071
2022-02-21,38834.65,39499.44,36818.64,37562.07,190714.18374228
2022-02-22,37557.06,38313.67,36362.08,37936.29,180659.9810013
2022-02-23,37936.29,39262.89,37118.55,37670.82,137381.02724515
2022-02-24,37670.82,39478.16,34356.87,37885.21,324749.9163179
2022-02-25,37892.35,39699.4,37892.35,39454.36,176671.82280277
2022-02-26,39443.01,40189.33,38594.68,39160.85,97068.985767652
2022-02-27,39160.84,39871.63,37018.5,37825.79,143760.61164683
2022-02-28,37815.32,44243.52,37367.94,42965.94,224842.19056222
2022-03-01,42864.35,44971.43,42828.25,44168.92,208441.98518502
2022-03-02,44170.01,45263.56,43342.77,44076.21,172415.79572144
2022-03-03,44076.21,44213.26,41845.55,42493.2,149745.30898016
2022-03-04,42500.6,42618.46,38563.57,39016.43,187373.43452965
2022-03-05,39013.4,39620.8,38415.68,39476.78,93218.364891371
2022-03-06,39476.78,39705.31,38101.17,38985.79,108627.61937633
2022-03-07,38990.02,39553.36,37162.44,38222.93,189266.72394359
2022-03-08,38222.93,39365.76,37875.23,38560,172547.22416569
2022-03-09,38559.99,42592.53,38537.78,41900.45,204021.64240219
2022-03-10,41900.45,42143.88,38615.42,39457.84,207011.44196894
2022-03-11,39457.84,40248.3,38240.93,38924.47,179562.75751447
2022-03-12,38924.47,39460,38668.26,39105.89,72502.734689479
2022-03-13,39105.9,39311.68,37618.03,37750.36,86846.929052552
2022-03-14,37734.13,39932.36,37559.82,39331.61,137052.32531766
2022-03-15,39334.26,39888.83,38107.62,39481.83,122851.4883248
2022-03-16,39478.84,41724.33,38928.36,40895.26,220909.53050825
2022-03-17,40895.26,41483.77,40508.1,41008.32,110874.48203799
2022-03-18,41008.33,42346.17,40167.63,41707.99,122914.97151849
2022-03-19,41707.99,42416.96,41524.9,41971.3,79154.983057754
2022-03-20,41971.31,42311.97,40929.38,41428.88,82944.255240559
2022-03-21,41452.56,41555.04,40486.97,41136.46,118200.9933895
2022-03-22,41136.45,43260.04,40895.96,42550,172727.87112048
2022-03-23,42551.26,42796.48,41772.41,42509.91,122132.12857911
2022-03-24,42509.91,44238.58,42415.94,43969.42,176689.8252927
2022-03-25,43965.3,45121.18,43605.16,44321.64,159271.13759765
2022-03-26,44317.22,44815.38,44089.61,44381.89,62727.970219037
2022-03-27,44383.71,46818.53,44383.71,46562.57,98360.387876166
2022-03-28,46585.86,48209.11,46367.67,47633.04,175628.36087639
2022-03-29,47657.79,48115.65,46903.64,47295.35,129731.65453621
2022-03-30,47290.72,47709.75,46637.73,47001.6,111133.89348914
2022-03-31,47001.6,47609.46,45532.69,45766.34,140262.57641513
2022-04-01,45770.91,46743.37,44213.26,46323.59,199448.46613731
2022-04-02,46323.59,47223.39,45641.87,46249.5,134158.64955702
2022-04-03,46249.5,46853.01,45546.24,46853.01,92369.151376488
2022-04-04,46950.51,47406,45131.54,46458.36,165397.84007605
2022-04-05,46462.99,47214.15,45469.75,45958.15,130478.19200957
2022-04-06,45958.15,46059.42,43182.89,43845.81,177194.68427027
2022-04-07,43845.81,43895.19,42731.61,43524.41,124660.41370044
2022-04-08,43524.42,43979.56,42463.63,42580.38,139968.66572974
2022-04-09,42580.39,42677.09,42119.77,42570.84,70375.908835866
2022-04-10,42570.83,43423.32,42450.54,42678.19,58617.964717718
2022-04-11,42736.23,42743.76,39316.05,39400.62,162068.43447963
2022-04-12,39411.06,40658.12,39211.76,39701.73,174822.66471373
2022-04-13,39701.74,41554.93,39568.95,41232.09,158234.29147021
2022-04-14,41232.1,41508.29,39560.91,39973.99,117891.46235857
2022-04-15,39974,40706.54,39774.36,40434.08,86488.474050828
2022-04-16,40434.09,40715.75,40008.01,40490.08,43821.91709887
2022-04-17,40518.42,40688.14,39837.3,40216.18,51000.721858463
2022-04-18,40216.19,41105.57,38544.43,40813.53,176726.77131351
2022-04-19,40813.54,41764.6,40583.19,41321.34,119928.19769233
2022-04-20,41321.33,42200.27,40903.23,41504.75,147269.71430365
2022-04-21,41504.75,42984.59,40551.5,40730.54,177687.73637389
2022-04-22,40730.53,40818.99,39190.42,39619.18,156601.38173389
2022-04-23,39623.13,39987.99,39288.93,39902.99,64826.191667012
2022-04-24,39902.99,39947.99,39138.06,39641.31,74621.514084464
2022-04-25,39641.3,40380.44,38217,40235.63,173203.00064134
2022-04-26,40235.63,40796.9,37788.9,38333.86,141381.55288437
2022-04-27,38333.86,39470.3,37745.59,39225.89,158391.71006621
2022-04-28,39225.88,40376.66,38888.33,39848.71,159955.43472589
2022-04-29,39853.51,39926.77,38175,38564.01,138893.47123432
2022-04-30,38564,38799.25,38159.41,38301.14,74145.170543732
2022-05-01,38301.14,38667.77,37388.48,38342.63,108034.69425942
2022-05-02,38349.99,39169.92,38057.52,38643.53,157688.09969895
2022-05-03,38643.54,38903.49,37513.87,37791.8,125718.43132371
2022-05-04,37791.8,40020,37627.38,39741.07,175568.69619323
2022-05-05,39741.07,39833.56,35567.21,36451.28,226361.59122619
2022-05-06,36451.28,36665.67,35313.95,35956.29,195912.1380848
2022-05-07,35955.5,36142.68,35088.99,35088.99,77454.298093899
2022-05-08,35200.55,35711.19,33723.12,34450.36,205301.05844803
2022-05-09,34450.35,34466.18,30321.94,30800.7,363847.3983021
2022-05-10,30832.33,32640.65,29778.98,30286.12,365751.75197123
2022-05-11,30224.28,32090.53,27673.87,28893.19,422933.31521999
2022-05-12,28893.52,30069.66,25474.1,28368.39,453763.64106645
2022-05-13,28359.35,30954.26,28273.07,29995.57,244098.13717564
2022-05-14,29995.57,30087.91,28602.53,29661.39,135335.79296955
2022-05-15,29662.78,31168.97,29443.71,31029.62,102786.94105891
2022-05-16,31035.47,31362.32,29140.76,30135.19,146565.86900885
2022-05-17,30130.79,30718.62,29440.39,30512.09,142248.66996353
2022-05-18,30512.08,30652.61,28714.62,29152.05,159085.33918495
2022-05-19,29171.18,30506.4,28635.46,30245.95,157052.09067488
2022-05-20,30248.67,30715.4,28692.65,29148.57,168142.43798707
2022-05-21,29148.41,29617.34,28916.11,29314.4,82741.023185976
2022-05-22,29314.4,30271.91,29218.83,29981.68,95114.707985361
2022-05-23,29981.69,30632.08,29025.13,29311.11,175694.14516355
2022-05-24,29308.18,29610.18,28644.72,29548.3,155458.12016193
2022-05-25,29548.49,30190.48,29264.84,29789.19,158267.02073552
2022-05-26,29789.19,29853.75,28001.36,29546.38,188028.8931454
2022-05-27,29546.37,29639.96,28253.27,28690.59,190819.49854958
2022-05-28,28689.98,29174.05,28413.3,28983.51,92341.6292478
2022-05-29,28983.52,29445.62,28812.96,29203.48,70790.219745918
2022-05-30,29203.48,32183.03,29144.67,31780.48,197951.56722908
2022-05-31,31785.72,32373.08,31202.97,31682.33,151903.20692932
2022-06-01,31695.58,31957.22,29343.6,29564.09,160502.24494003
2022-06-02,29566.3,30381.17,29490.48,30340.05,128325.18359632
2022-06-03,30340.05,30674,29312.42,29786.17,141483.10110031
2022-06-04,29781.18,29923.73,29460.24,29823.65,60804.227029051
2022-06-05,29823.66,30157.82,29519.07,29937.06,60787.889680281
2022-06-06,29937.06,31738.63,29846.94,31462.1,151621.82594326
2022-06-07,31462.1,31554.43,29195.76,31383.37,163947.55565841
2022-06-08,31375.78,31467.59,29859.26,30404.47,138566.12953118
2022-06-09,30404.46,30673.6,29945.52,30113.99,60722.003521371
2022-06-10,30113.98,30337.31,28840.37,29162.63,147495.14910194
2022-06-11,29161.42,29407.62,28069.28,28528.78,161201.0669448
2022-06-12,28528.75,28651.13,26859.64,27335.68,219347.16003507
2022-06-13,27335.69,27415.34,22567.1,23031.69,582258.07846134
2022-06-14,23026.94,23138.01,20822.52,21463.24,414914.52847256
2022-06-15,21481.48,22416.6,20079.73,22157.83,309218.45957221
2022-06-16,22188.27,22548.09,20724.52,20985.89,254703.10950646
2022-06-17,20435.06,21334.3,20218.87,20533.07,181375.66229864
2022-06-18,20531.67,20750.43,17598.97,18494.65,294996.07553501
2022-06-19,18507.77,20660.83,17936.1,20369.12,337974.39976844
2022-06-20,20375.35,21045.74,19616.48,20395.99,282495.70840642
2022-06-21,20395.98,21700.63,20241.71,20950.45,287650.75234693
2022-06-22,20949.83,20979,19756.52,19985.28,254344.08394929
2022-06-23,19987.84,21098.13,19870.84,20667.06,233305.60368542
2022-06-24,20667.06,21430.72,20662.98,21295.54,161899.81546257
2022-06-25,21300.84,21588.76,20897.53,21495.68,119886.88685058
2022-06-26,21489.43,21867.21,21123.98,21368.59,96974.518097931
2022-06-27,21368.81,21519.4,20494.35,20784.58,195357.52916705
2022-06-28,20791.48,21192.79,20181.3,20368.15,188151.54978216
2022-06-29,20362.49,20429.54,19872.73,20270.78,171278.3580174
2022-06-30,20270.79,20300.31,18615.02,18797.22,190024.76642129
2022-07-01,18797.21,20870.08,18719.95,19375.68,204314.914462
2022-07-02,19375.68,19438.17,18980.36,19332.02,122710.86097327
2022-07-03,19332.02,19614.24,18773.57,19279.71,60993.419386265
2022-07-04,19275.82,20095.2,19030.37,19934.81,180010.45359579
2022-07-05,19934.81,20723.87,19283.87,20350.7,271368.13105697
2022-07-06,20355.58,20455.52,19746.55,20332.51,209482.8387953
2022-07-07,20332.52,21820.67,20249.95,21654.4,243838.43003894
2022-07-08,21655.55,22487.01,21177.29,21706.84,574828.99071315
2022-07-09,21682.01,21956.84,21312.39,21695.82,292207.84419964
2022-07-10,21696.27,21737.14,20647.12,21022.87,242523.93229971
2022-07-11,21022.71,21022.79,20202.1,20224.12,239060.61694751
2022-07-12,20220.42,20221.75,19256.79,19328.69,321339.15021135
2022-07-13,19330.46,20091.83,18910.32,19908.88,569281.25320866
2022-07-14,19906.2,20884.67,19611.47,20468.05,505552.55984385
2022-07-15,20465.93,21185.77,20371.51,20960.89,453813.84960227
2022-07-16,20959.7,21566.33,20473.49,21190.78,315759.09703217
2022-07-17,21192.75,21658.91,20823.61,21016.7,335418.50642737
2022-07-18,21023.91,22767.29,20748.37,21653.39,663913.44965126
2022-07-19,21656.23,23804.05,21554.5,23656.48,763241.71484832
2022-07-20,23651.83,24275.24,22927.04,23608.53,761438.14960399
2022-07-21,23608.2,23639.89,22344.15,23212.42,597651.18698106
2022-07-22,23213.31,23761.44,22510.5,22739.13,568503.38234979
2022-07-23,22746.31,22998.33,21946.39,22249.04,384014.53155606
2022-07-24,22245.49,22906.95,22235.77,22811.49,353999.72409802
2022-07-25,22814.53,23013.08,21561.09,22026.96,572639.48568889
2022-07-26,22029.88,22029.88,20728.45,20944.96,611533.45509836
2022-07-27,20945.75,23109.01,20923.53,22680.95,645007.33067953
2022-07-28,22680.09,24200.89,22590.24,23931.75,735156.88931344
2022-07-29,23931.07,24443.93,23434.78,23828.87,617581.02127325
2022-07-30,23798.05,24669.4,23658.28,23868.85,474941.84578783
2022-07-31,23868.6,24194.2,23411.57,23595.85,387838.49216644
2022-08-01,23595.43,23596.44,22858.83,23027.45,468805.4307448
2022-08-02,23027.81,23457.16,22664.8,23097.65,499640.9741963
2022-08-03,23084.43,23629.51,22688.52,23274.31,445047.09600194
2022-08-04,23276.76,23283.73,22407.13,22496.04,484411.85276691
2022-08-05,22494.58,23471.26,22456.71,23111.39,545773.52491349
2022-08-06,23112.82,23352.22,23016.39,23183.94,260323.75683353
2022-08-07,23183.82,23404.45,22853.46,23315.4,272952.04608623
2022-08-08,23314.77,24245.96,23066.28,23852.22,519116.73287186
2022-08-09,23851.55,23935.32,22882.07,23195.85,439180.88299307
2022-08-10,23195.81,24230.57,22694.35,23966.22,507682.56292278
2022-08-11,23967.21,24889.38,23816.16,24195.31,692294.3149543
2022-08-12,24194.67,24291.16,23594.79,24125.53,478602.01762346
2022-08-13,24129.11,24898.01,24087.21,24508.51,453497.14897397
2022-08-14,24507.77,25040.62,24218.91,24352.35,373358.27846205
2022-08-15,24352.15,25214.57,23885.31,24031.01,582139.82539713
2022-08-16,24032.66,24251.16,23683.06,23950.75,468990.8323334
2022-08-17,23951.85,24445.19,23184.21,23332.88,545367.81394935
2022-08-18,23333.55,23598.9,23239.81,23363.27,390059.55918842
2022-08-19,23362.44,23402.92,20999.2,21024.57,616401.28770552
2022-08-20,21083.85,21370.33,20766.92,21121.05,565094.88977755
2022-08-21,21120.99,21800,21055.49,21534.39,430745.56219955
2022-08-22,21532.92,21669.13,20903.75,21097.37,568517.53761077
2022-08-23,21097.86,21665.44,20913.31,21489.23,524208.02932555
2022-08-24,21488.55,21840.02,21149.82,21594.09,480604.06369736
2022-08-25,21594.42,21816.12,21312.06,21584.46,472157.95347176
2022-08-26,21583.29,21826.08,20550,20641.09,476847.5755414
2022-08-27,20641.45,20682.74,19847.19,19891.84,475158.26165976
2022-08-28,19871.23,20161.11,19829.96,19965.24,338226.30113409
2022-08-29,19965,20428.1,19538.2,20205.89,521455.30990021
2022-08-30,20203.39,20575.13,19549.46,19882.11,599458.13162112
2022-08-31,19886.93,20488.37,19751.26,20281.98,690459.64208951
2022-09-01,20278.67,20290.57,19566.03,20083.7,484607.26099757
2022-09-02,20084.17,20442.25,19763.8,19978.97,559339.29774321
2022-09-03,19980.1,20055.16,19652.72,19751.75,357422.85746325
2022-09-04,19752.09,19955.88,19585.8,19857.22,349109.70336
2022-09-05,19860.82,20058.37,19636.13,19752.39,533810.01325216
2022-09-06,19751.88,20177.08,18713.24,18979.92,787677.25386588
2022-09-07,18978.47,19461.91,18551.74,19364.71,648019.01725544
2022-09-08,19365.12,19447.52,19030.39,19334.58,579658.93449621
2022-09-09,19332.8,21439.05,19254.95,21257.79,777405.73879242
2022-09-10,21256.86,21799.52,21136.08,21606.77,682944.50206085
2022-09-11,21610.84,21866.62,21358.79,21515.02,633370.18373743
2022-09-12,21520.12,22489.85,21520.12,22341.3,860035.29032689
2022-09-13,22349.82,22739.78,19873.92,20133.2,955999.95980501
2022-09-14,20150.39,20536.99,19661.07,20206.75,743569.56408961
2022-09-15,20206.86,20395.05,19496.36,19828.37,671681.47846672
2022-09-16,19827.37,19888.39,19332.74,19744.42,587125.44160868
2022-09-17,19744.54,20189,19693.45,20034.49,489763.0076172
2022-09-18,20034.27,20144.4,19417.52,19463.51,573924.52913532
2022-09-19,19458.12,19678.55,18240,19519.52,978240.09915509
2022-09-20,19520.34,19677.2,18715,18898.24,791530.81709145
2022-09-21,18872.94,19727.64,18341.05,18468.2,795211.22210331
2022-09-22,18467.35,19494.18,18147.05,19173.59,970010.59512214
2022-09-23,19179.01,19520.95,18535.27,19008.81,900225.68161835
2022-09-24,19008.53,19404.45,18861.7,18952.3,596425.96388962
2022-09-25,18949.45,19178.89,18720.92,18744.7,436819.42431273
2022-09-26,18740.06,19319.1,18634.37,19096.36,1105491.4465898
2022-09-27,19098,20383.33,18818.12,18992.69,1454069.2883592
2022-09-28,18982.86,19774.43,18473.15,19618.79,1419159.4705852
2022-09-29,19618.95,19665.06,18845.6,19432.79,1002067.5337281
2022-09-30,19431.27,20179.57,19163.84,19360.17,1064534.8518008
2022-10-01,19361.63,19483.72,19165.65,19288.32,415372.20203164
2022-10-02,19288.29,19394.73,19059.08,19197.09,380508.32638883
2022-10-03,19190.97,19649.04,18923.35,19555.18,780016.94940281
2022-10-04,19557.07,20462.08,19498.99,20296.28,849604.33369296
2022-10-05,20297.41,20386.11,19730,20055.41,783361.18688363
2022-10-06,20052.58,20448.85,19881.07,19913.3,847398.70296828
2022-10-07,19911.29,20056.71,19320.97,19572.74,637829.01179382
2022-10-08,19571.69,19625.47,19241.91,19322.65,240974.13113549
2022-10-09,19322.68,19555.79,19273.46,19482.2,291109.1797082
2022-10-10,19483.02,19528.04,19096.18,19243.53,544383.34638612
2022-10-11,19243.59,19265.97,18863.49,19004.52,650534.87453694
2022-10-12,19003.72,19200.09,18978.16,19181.56,573908.09549412
2022-10-13,19182.18,19508.72,18197.17,19403.55,986989.76113585
2022-10-14,19403.1,19950.22,19077.73,19108.47,899739.44538866
2022-10-15,19107.43,19226.83,19042.14,19070.1,283138.0109628
2022-10-16,19068.97,19422.75,18982.32,19148.52,309815.97619262
2022-10-17,19149.31,19676.72,19119.71,19515.39,601549.62143608
2022-10-18,19515.45,19700.92,19097.42,19296.17,697825.4409615
2022-10-19,19292.26,19372.17,19081.72,19194.98,464653.64977306
2022-10-20,19194.39,19338.82,18906.09,19070.86,609782.35282826
2022-10-21,19070.53,19247.68,18650.81,19155.91,707143.62100584
2022-10-22,19155.61,19256.59,19114.93,19204.4,268301.88447326
2022-10-23,19204.28,19596.05,19077.39,19540.98,343040.510597
2022-10-24,19542.19,19694.86,19161.3,19366.35,689738.10288399
2022-10-25,19367.06,20416.76,19238.27,20234.41,858431.6087123
2022-10-26,20236.98,21025.38,19992.76,20745.34,1014220.8490416
2022-10-27,20744.77,20909.08,20250.24,20407.22,853757.39440614
2022-10-28,20407.98,20750.3,20005.41,20599.76,764596.20341151
2022-10-29,20600.87,21084.8,20562.09,20850.3,631140.11456659
2022-10-30,20850.41,20934.6,20521.17,20591.03,493156.40542426
2022-10-31,20589.98,20839.93,20240.2,20478.7,731065.97142404
2022-11-01,20480.7,20653.86,20330.39,20476.09,464787.10622962
2022-11-02,20459.55,20798.55,20060.19,20107.98,843787.926369
2022-11-03,20108.65,20386.11,20045.99,20195.5,714436.08734569
2022-11-04,20194.92,21300.14,20162.63,21179.35,1058861.017014
2022-11-05,21180.71,21469.73,21083.43,21297.66,541503.41215712
2022-11-06,21297.23,21365.2,21052.94,21140.29,457016.61093159
2022-11-07,21138.38,21152.6,20389.49,20463.73,840057.64434208
2022-11-08,20462.67,20694.18,17203.06,18514.25,1307865.8513843
2022-11-09,18491.07,18723.28,15764.84,16102.99,1378047.5597272
2022-11-10,16081.46,19503.38,15799.88,17887.71,1106243.3796381
2022-11-11,17904.21,20543.27,16507.13,16949.22,606779.32255544
2022-11-12,16922.06,17203.46,16606.19,16805.71,359136.41361983
2022-11-13,16806.16,16919.98,16214.69,16414,317971.88855264
2022-11-14,16404.27,17163.02,15796.27,16386.87,545631.33070927
2022-11-15,16385.39,17118.64,16380.72,16859.69,491270.47240452
2022-11-16,16863.26,16987.93,16371.03,16653.76,603372.72221428
2022-11-17,16652.79,16750.3,16399.84,16697.2,496999.19489129
2022-11-18,16701.41,16987.37,16533.38,16647.03,465192.94305533
2022-11-19,16647.15,16803.83,16536.04,16720.08,232546.19126429
2022-11-20,16723.31,16756.07,16162.29,16272.45,329334.38785903
2022-11-21,16273.19,16298.29,15473.92,15720.49,727251.18549825
2022-11-22,15720.51,16283.44,15600.4,16165.23,565595.47618194
2022-11-23,16165.1,16679.96,16137.16,16494.19,595277.94923581
2022-11-24,16510.89,16795.02,16449.57,16597.5,454346.30331198
2022-11-25,16598.33,16646.03,16334.85,16519.6,396443.02794155
2022-11-26,16519.87,16689.14,16376.01,16416.06,363428.00937059
2022-11-27,16414.63,16588.87,16407.27,16563.31,299907.7704404
2022-11-28,16560.91,16567.73,16003.66,16212.5,560987.0094391
2022-11-29,16214.18,16535.54,16093.54,16488.74,523194.94539369
2022-11-30,16488.42,17241.44,16422.14,17153.69,655911.76136302
2022-12-01,17146.65,17235.98,16863.67,16966.53,536153.09786236
2022-12-02,16967.14,17105.16,16808.34,17042.2,423613.06765498
2022-12-03,17044.04,17157.68,16864.64,16902.85,321231.82690678
2022-12-04,16902.96,17150.56,16873.83,17104.56,371227.43148785
2022-12-05,17105.33,17420.47,16869.99,16943.94,535626.79063914
2022-12-06,16943.56,17102.03,16912.1,16973.72,451970.9256082
2022-12-07,16974.09,17134.66,16689.86,16842.5,500579.26569514
2022-12-08,16841.61,17298.03,16738,17203.79,495905.98044156
2022-12-09,17203.33,17345.25,17069.43,17133.32,508474.45735635
2022-12-10,17133.38,17226,17112.09,17137.6,289404.00135476
2022-12-11,17137.65,17268.88,17091.27,17104.67,327757.93173787
2022-12-12,17101.4,17219.82,16874.21,17159.68,488252.82020011
2022-12-13,17159.02,17953.39,17084.94,17772.04,662004.66791186
2022-12-14,17770.69,18377.62,17667.19,17837.69,631547.73093948
2022-12-15,17836.46,17856.72,17282.18,17344.3,522114.23392282
2022-12-16,17345.08,17528.31,16696.43,16725.01,566424.00999458
2022-12-17,16727.04,16773.53,16532.63,16741.69,376820.44629439
2022-12-18,16741.94,16860.87,16665.31,16763.8,244857.1404668
2022-12-19,16764.63,16820.05,16265.69,16416.29,394255.61433966
2022-12-20,16414.56,17055.04,16373.82,16869.68,571189.94304635
2022-12-21,16868.85,16925.18,16727.04,16765.44,346951.06452142
2022-12-22,16765.76,16867.17,16560.93,16795.01,393809.03611936
2022-12-23,16795.04,16940.94,16743.91,16790.97,363059.83722514
2022-12-24,16790.79,16859.54,16772.83,16824.88,212007.25103635
2022-12-25,16824.92,16853.96,16725.84,16819.58,264217.92225413
2022-12-26,16819.81,16915.61,16795.99,16835.31,229476.80700789
2022-12-27,16835.88,16963.27,16595.37,16684.11,401540.4441048
2022-12-28,16684.39,16776.92,16462.9,16509.22,425157.39658859
2022-12-29,16509.74,16656.78,16481.69,16612.53,357213.75600899
2022-12-30,16611.74,16657.16,16329.44,16575.22,357984.69739265
2022-12-31,16575.09,16631.16,16467.18,16512.62,246072.6117404
2023-01-01,16510.14,16619.17,16479.99,16594.55,203940.66226887
2023-01-02,16594.57,16774.88,16543.4,16692.94,250512.92253488
2023-01-03,16692.73,16771.28,16599.83,16670.72,343723.91061295
2023-01-04,16670.69,16982.72,16647.86,16821.5,486505.98181859
2023-01-05,16821.19,16872.23,16750.6,16832.67,340809.59350455
2023-01-06,16831.24,17028.09,16675.3,16953.01,432166.74145368
2023-01-07,16954.57,16976.19,16903.16,16932.5,212863.82141346
2023-01-08,16932.36,17015.36,16908.76,16961.24,240726.77541632
2023-01-09,16961.24,17394.75,16961.24,17204.3,480368.81602793
2023-01-10,17202.83,17494.52,17128.96,17433.56,444493.29223275
2023-01-11,17433.9,17593.31,17314.73,17555.01,434807.53842346
2023-01-12,17555.98,19116.95,17550.68,18916.85,770225.2574159
2023-01-13,18915.62,20001.6,18718.02,19851.05,878652.79343892
2023-01-14,19854.7,21204.61,19736.21,20987.85,947812.18179573
2023-01-15,20990.67,21073.69,20559.42,20916.33,435684.71880105
2023-01-16,20915.2,21459.84,20627.37,21188.27,672859.48875173
2023-01-17,21187,21595.22,20850.71,21234.11,609041.02333619
2023-01-18,21234.5,21646.08,20409.21,20807.83,715560.00983017
2023-01-19,20803.36,21188.41,20645.25,21064.89,557692.78680664
2023-01-20,21064.22,22697.96,20867.98,22594.95,726054.2600282
2023-01-21,22598.3,23374.44,22435.88,22948.89,739934.33181571
2023-01-22,22902,23073.4,22311.38,22681.54,517580.67745287
2023-01-23,22678.93,23173.12,22613.95,22930.96,585452.91542681
2023-01-24,22934.4,23165.82,22730.26,22756.85,557404.64721868
2023-01-25,22755.86,23814.84,22364.18,22939.25,753891.24794323
2023-01-26,22937.72,23285.78,22862.88,23005.85,657509.13168375
2023-01-27,22998.45,23501.27,22549.02,23015.57,630017.74581208
2023-01-28,23014.74,23191.85,22887.17,22982.45,318233.42798084
2023-01-29,22982.28,23963.65,22966.43,23767.1,606061.24300701
2023-01-30,23764.77,23876.5,22501.13,22731.31,605711.2839851
2023-01-31,22732.51,23306.01,22704.75,23183.72,506877.36120808
2023-02-01,23182.07,23802.88,22766.82,23714.81,510830.73577576
2023-02-02,23715.93,24252.3,23439.15,23561.5,698641.76236093
2023-02-03,23561.4,23718.91,23211.27,23423.51,698364.27606088
2023-02-04,23423.49,23572.97,23255.63,23405.02,317113.26301146
2023-02-05,23406.1,23435.35,22754.56,22986.06,426911.58004305
2023-02-06,22976.08,23139.31,22639.07,22882.23,508266.17641462
2023-02-07,22880.28,23349.53,22644.48,23230.15,637297.13002558
2023-02-08,23230.07,23446.51,22675.71,22931.09,416408.29144749
2023-02-09,22884.37,23002.98,21702.82,21767.64,474957.4415886
2023-02-10,21765.75,21942.33,21472.11,21573.69,486933.84014844
2023-02-11,21574.43,21880.16,21555.22,21826.01,351602.89705269
2023-02-12,21826.05,22088.43,21670.17,21797.04,363629.72556284
2023-02-13,21796.7,21904.25,21389.27,21651.99,489415.11582372
2023-02-14,21651.95,22307.84,21593.09,22197.16,667540.1564676
2023-02-15,22197.17,24379.42,22056.6,24154.2,745423.05810511
2023-02-16,24157.02,25190.38,23984.52,24013.83,845824.46266998
2023-02-17,23997.87,25012.62,23347.09,24680.88,1072480.5020466
2023-02-18,24681.14,24876.21,24438.22,24631.37,463640.44409949
2023-02-19,24630.97,25189.35,24266.79,24496.9,538761.36298036
2023-02-20,24494.26,25098.26,23887.34,24707.27,698388.35431938
2023-02-21,24704.92,25247.79,24160.72,24388.53,640667.52588801
2023-02-22,24384.62,24478.5,23591.34,24100.62,318887.50427246
2023-02-23,24102.5,24599.86,23617.82,23873.62,652224.93632607
2023-02-24,23869.45,24132.29,22885.98,23119.67,619080.17644736
2023-02-25,23118.98,23220.83,22800.76,23122.99,379176.24124055
2023-02-26,23119.94,23675.6,23061.91,23478.9,407641.00359296
2023-02-27,23478.68,23897.45,23118.92,23478.51,538677.30298216
2023-02-28,23483.67,23600.47,23025.07,23161.79,548173.91233226
2023-03-01,23163.71,23908.88,23027.99,23534.98,666016.81117196
2023-03-02,23535,23794.98,23199.08,23464.87,520163.83084714
2023-03-03,23463.49,23504.87,22098.01,22320.42,621758.93733931
2023-03-04,22321.86,22409.52,22159.13,22307.16,256768.8291247
2023-03-05,22308.11,22641.6,22238.84,22434.82,301489.39338881
2023-03-06,22428.03,22598.31,22266.8,22432.29,426146.06788114
2023-03-07,22432.61,22556.69,21944,22104.61,572411.23413312
2023-03-08,22102.58,22267.59,21788.44,21788.44,528658.53100134
2023-03-09,21795.38,21813.84,20062.42,20344.46,735529.13006711
2023-03-10,20345.24,20380.1,19561.78,20167.45,1133570.7034114
2023-03-11,20167.45,20941.35,19912.04,20483.56,940418.0924109
2023-03-12,20483.23,22084.46,20405.8,21915.82,793796.50801715
2023-03-13,21934.6,24630.86,21829.16,24299.15,1233125.6954274
2023-03-14,24299.65,26558.82,24043.33,24804.02,1240284.2012335
2023-03-15,24801.35,25258.79,23980.01,24464.91,1133470.0562867
2023-03-16,24464.01,25224.9,24212.78,25043.83,944921.55054266
2023-03-17,25043.91,27827.24,24944.67,27750.09,1289260.3929825
2023-03-18,27686.2,27778.61,26730.54,27003.44,782058.79878039
2023-03-19,27003.86,28471.98,26887.85,28194.43,766407.60889157
2023-03-20,28198.04,28553.36,27223.26,28054.71,903722.63796317
2023-03-21,28054.71,28520.22,27406.2,28121.39,774097.01002132
2023-03-22,28121.18,28872.26,26685.79,27286.36,488606.04168905
2023-03-23,27283.75,28787.39,27180.94,28277.41,294961.26607639
2023-03-24,28272.8,28499.13,27041.58,27328.47,243048.77816722
2023-03-25,27328.35,27812.3,27186.78,27473.93,127271.09866094
2023-03-26,27472.8,28175.33,27434,27856.57,103054.53758675
2023-03-27,27856.6,28166.36,26665.06,27183.4,193168.70723457
2023-03-28,27183.4,27517.2,26640.3,27201.14,197640.88772586
2023-03-29,27201.14,28650.81,27144.19,28298.38,235316.00500278
2023-03-30,28296.39,29187.32,27689.88,28076.37,258140.83391745
2023-03-31,28076.36,28662.13,27521.7,28482.89,199388.95730973
2023-04-01,28482.89,28821.65,28272.97,28487.97,85407.350408913
2023-04-02,28488.27,28566.71,27876.08,28032.17,83080.258054896
2023-04-03,28032.17,28505.7,27350.45,27720.85,216546.56871251
2023-04-04,27725.38,28443.4,27675.63,28233.11,157331.46577495
2023-04-05,28237.99,28777.52,27819.37,28191.21,154829.05162503
2023-04-06,28191.21,28241.8,27723.21,27998.96,104036.6470571
2023-04-07,27998.96,28113.77,27791.86,27911.77,62891.327501641
2023-04-08,27911.77,28169.9,27879.98,27940.69,47868.419034213
2023-04-09,27940.69,28492.28,27817.8,28456.25,70912.198642538
2023-04-10,28456.24,29370.22,28197.15,29246.31,174169.60286783
2023-04-11,29246.31,30578.11,29246.3,30219.4,225406.7585326
2023-04-12,30219.41,30446.81,29686.4,29967.48,119052.84314167
2023-04-13,29967.48,30607.84,29828.95,30312.77,139305.36244494
2023-04-14,30312.76,31034.1,29994.18,30479.36,209791.32472039
2023-04-15,30479.37,30617.9,30228.29,30291.01,67875.086746421
2023-04-16,30291,30573.83,30144.4,30406.28,68290.316508133
2023-04-17,30405.98,30425.5,29260.85,29469.59,151858.96189465
2023-04-18,29469.59,30496.27,29121.53,30376.84,167436.82148559
2023-04-19,30376.84,30427.62,28834.62,29180.73,208981.91938386
2023-04-20,29190.74,29246.05,28001.2,28232.66,224625.77860544
2023-04-21,28232.39,28371.47,27183.89,27277,210352.53707393
2023-04-22,27276.99,27786.64,27132.96,27671.52,97892.348819195
2023-04-23,27671.58,27883.17,27390.92,27519.21,87016.810733063
2023-04-24,27519.21,27999.72,27073.49,27415.19,151808.92284123
2023-04-25,27414.06,28314.52,27194.72,28274.51,133102.4498156
2023-04-26,28269.4,30028.92,27379.31,28686.81,347039.60916694
2023-04-27,28686.84,29892.98,28182.02,29656.85,288414.65782945
2023-04-28,29656.85,29673.21,28905.17,29351.19,159743.05284497
2023-04-29,29351.19,29471.79,29057.79,29247.24,57523.804515603
2023-04-30,29247.25,29971.59,29105.73,29427.98,107032.52928331
2023-05-01,29427.98,29447.16,27666.69,27992.74,181590.6438773
2023-05-02,27992.75,28896.28,27876.18,28677.94,136302.3530937
2023-05-03,28677.94,29065.46,28127.6,28931.24,178850.22646975
2023-05-04,28995.82,29383.16,28686.49,28850.37,133927.12994896
2023-05-05,28850.37,29672.98,28758.64,29513.62,140101.5863508
2023-05-06,29513.61,29849.22,28454.98,28857.56,123464.12184439
2023-05-07,28857.56,29134.58,28752.47,28802.84,55934.552857772
2023-05-08,28807.08,28874.89,27282.44,27562.34,169221.10177377
2023-05-09,27562.34,27841.43,27401.1,27625.21,99910.624321839
2023-05-10,27630.34,28345.8,26885.14,27533.32,150344.52026674
2023-05-11,27533.32,27751.7,26776.85,27004.97,127688.04643796
2023-05-12,27004.97,27113.37,25845.92,26771.49,180155.40016156
2023-05-13,26771.49,27031.64,26653.4,26875.98,59811.726526282
2023-05-14,26875.99,27167.5,26651.64,26922.76,58507.662613582
2023-05-15,26922.76,27682.94,26753.37,27381.6,102654.90487864
2023-05-16,27381.6,27387.16,26885.28,27023.78,94107.959725428
2023-05-17,27020.59,27506.85,26603.93,27378.63,114816.77925548
2023-05-18,27378.64,27499.06,26476.5,26929.3,127986.95324691
2023-05-19,26928,27164.93,26740.07,26913.92,77903.668983725
2023-05-20,26913.92,27172.36,26838.51,27057.35,34688.561654958
2023-05-21,27057.36,27282.54,26686.71,26761.21,53602.946808072
2023-05-22,26761.2,27073.93,26554.13,26913.96,70833.463771118
2023-05-23,26913.97,27492.8,26805.35,27201.74,103093.72878413
2023-05-24,27202,27252.38,26052.32,26367.08,145433.36324352
2023-05-25,26370.32,26618.68,25926.73,26476.64,97222.231089301
2023-05-26,26473.88,26939.69,26329.87,26730.58,91585.998620957
2023-05-27,26730.59,26852.76,26560.37,26781.19,35345.763960479
2023-05-28,26781.18,27957.95,26772.59,27841.43,95320.699147497
2023-05-29,27841.45,28455.38,27532.31,27675,122908.35377369
2023-05-30,27675.01,28049.53,27565.41,27730.18,89038.408218744
2023-05-31,27730.18,27843.57,26849.83,27095.12,108175.50624427
2023-06-01,27095.6,27350.4,26615.39,26897.37,105490.93466404
2023-06-02,26897.38,27295.27,26510.88,27214.7,101705.81117022
2023-06-03,27214.48,27334.67,26924.47,27015.21,42364.040076457
2023-06-04,27015.2,27306.12,26959.62,27203.27,35308.135803309
2023-06-05,27203.27,27462.46,25394.89,25669.38,182993.08200125
2023-06-06,25666.06,27215.87,25361.74,27064.89,195495.51477011
2023-06-07,27064.96,27393.95,26132.07,26156.07,181136.68957192
2023-06-08,26158.79,26815.09,26138.98,26578.2,91343.094062142
2023-06-09,26578.19,26779.66,26282.79,26474.21,75090.300805187
2023-06-10,26474.21,26531.88,25391.27,25776.22,121064.28851515
2023-06-11,25776.23,26215.31,25647.96,26057.04,68274.71017848
2023-06-12,26057.05,26107.49,25621.99,25931.57,87805.53279
2023-06-13,25931.55,26429.26,25716.06,25844.09,96829.22131
2023-06-14,25844.08,26078.61,24821.11,25118.98,89969.09836
2023-06-15,25087.99,25735.02,24750.4,25553.37,114511.6803
2023-06-16,25553.36,26489.13,25149,26277.06,108837.582
2023-06-17,26289.47,26798.28,26163.73,26514.25,70047.0082
2023-06-18,26513.14,26691.06,26380.51,26409.26,51123.68852
2023-06-19,26402.18,27050.94,26250.6,26761.89,83369.54918
2023-06-20,26761.88,28307.08,26645.21,28134.21,138282.541
2023-06-21,28134.22,30763.78,28108.23,29882.44,221685.4918
2023-06-22,29888.03,30501.53,29654.26,30060.37,136741.5984
2023-06-23,30060.38,31410.08,29810.68,30677.59,156190.9016
2023-06-24,30677.9,30812.93,30269.72,30532.99,84814.09836
2023-06-25,30533,31057.04,30289.18,30461.25,82872.13115
2023-06-26,30461.26,30666.31,29931.13,30164.39,102914.6311
2023-06-27,30164.39,31005.5,30105.62,30722.94,96688.31967
2023-06-28,30722.95,30740.22,29947.62,30134.09,98312.54098
2023-06-29,30134.09,30832.43,30047.66,30413.07,87074.22131
2023-06-30,30413.69,31272.92,29494.1,30469.2,168625.041
2023-07-01,30469.21,30656.02,30314.93,30584.65,58512.29508
2023-07-02,30584.66,30681.84,30190.03,30560.19,54271.47541
2023-07-03,30562.71,31385.95,30430.91,31052.4,94794.18033
2023-07-04,31052.4,31354.69,30626.75,30810.51,79779.7541
2023-07-05,30810.51,30881.47,30198.19,30474.88,77971.10656
2023-07-06,30474.88,31491.9,29891.63,30222,136759.3033
2023-07-07,30222.01,30445.65,29703.49,30292.66,104632.7459
2023-07-08,30292.67,30388.02,30048.75,30185.94,32395.493390936
2023-07-09,30185.93,30445.48,30121.03,30159.34,35276.392336981
2023-07-10,30159.34,31048.87,29956.88,30320.06,75269.058858597
2023-07-11,30260.13,30813.01,30206,30570.79,70271.073348844
2023-07-12,30570.79,30977.83,30215.89,30355.39,81061.62634338
2023-07-13,30355.39,31818.76,30250.6,31266.2,136892.36491446
2023-07-14,31266.19,31641.11,29915.55,30256.81,129065.91781475
2023-07-15,30255.82,30407.61,30216.7,30312.08,32643.093980065
2023-07-16,30312.08,30451.86,30143.64,30306.59,27740.873770195
2023-07-17,30306.59,30375.88,29665.43,30249.14,74410.154528088
2023-07-18,30247.74,30272.97,29518.17,29807.41,75587.57210741
2023-07-19,29807.42,30193.13,29762.04,29933.65,63582.604197803
2023-07-20,29933.66,30417.15,29576.2,29869.6,92943.404795001
2023-07-21,29867.59,30059.33,29724.56,29900.17,54793.036472468
2023-07-22,29900.18,30001.39,29805.59,29830.02,26924.743195043
2023-07-23,29830.02,30348.89,29649.86,29943.98,44683.514001031
2023-07-24,29954.65,30098.08,28862.52,29163.54,98655.531645439
2023-07-25,29163.55,29373.65,29045.35,29226.87,52063.88894813
2023-07-26,29226.87,29682.81,29092.29,29467.18,74241.966738559
2023-07-27,29467.17,29566.31,29093.31,29179.27,40544.113309014
2023-07-28,29179.27,29527.96,29115.51,29313.41,41582.153975215
2023-07-29,29313.19,29406.63,29255.6,29348.09,20433.011686582
2023-07-30,29347.81,29446.93,29088.39,29211.24,28663.677736099
2023-07-31,29211.23,29525.87,29096.27,29238.34,53493.854242244
2023-08-01,29238.35,29343.04,28562.84,29229.95,95573.021568121
2023-08-02,29228.11,30027.97,28919.67,29162.92,129219.57291671
2023-08-03,29162.93,29401.84,28940.74,29217.05,64653.196163433
2023-08-04,29230.22,29305.2,28789.55,29037.47,56587.238580265
2023-08-05,29037.48,29191.11,28961.02,29041.46,22076.780863146
2023-08-06,29041.46,29206.46,28896.42,29042.95,23609.81287894
2023-08-07,29044.35,29241.94,28514.01,29162.25,62705.263898826
2023-08-08,29162.26,30221.01,29110.02,29850.49,114736.8879614
2023-08-09,29850.84,30130.71,29351.43,29501.2,96474.908642244
2023-08-10,29501.19,29707.2,29306.93,29434.84,61475.763016869
2023-08-11,29434.84,29526.64,29219.11,29377.69,50625.285870919
2023-08-12,29377.69,29465.14,29355.47,29400.91,19315.537879107
2023-08-13,29400.91,29450.48,29309.15,29344.01,19734.29551135
2023-08-14,29344.01,29661.16,29076.27,29371.3,78312.053312909
2023-08-15,29371.31,29459.06,29104.55,29197.79,60558.366302025
2023-08-16,29197.79,29224.96,28836.45,28897.23,73657.949416589
2023-08-17,28897.25,28944.38,25156.32,26238.8,188778.85559476
2023-08-18,25989.89,27091.96,25606.85,26049.71,234714.47699986
2023-08-19,26049.71,26266.9,25793.36,26078.18,65532.387268417
2023-08-20,26078.19,26294.03,25985.44,26175.54,42632.187275265
2023-08-21,26178.69,26246.85,25812.04,26192.42,63370.602937087
2023-08-22,26192.08,26192.33,25294.18,25660.32,69302.848338091
2023-08-23,25660.57,26805.74,25634.48,26315.01,102030.19080382
2023-08-24,26311.98,26566.7,25857.21,26081.7,76819.847479647
2023-08-25,26081.69,26296.28,25765.64,26067.51,75685.212895729
2023-08-26,26066.03,26099.21,25969.87,26027.69,20945.823626116
2023-08-27,26026.39,26167.82,25953.91,26055.61,24793.440070245
2023-08-28,26055.62,26231.72,25859.81,25969.42,52775.124418958
2023-08-29,25969.43,28143.8,25904.11,27664.24,220463.61160154
2023-08-30,27663.96,27768.94,27020.77,27259.7,90549.416582555
2023-08-31,27259.7,27568.89,25665.63,26021.45,123075.87249337
2023-09-01,26021.45,26145.79,25325.07,25791.32,106298.55753813
2023-09-02,25791.32,25982.29,25742.17,25856,38280.256682398
2023-09-03,25856,26121.55,25796.44,25963.03,36429.143059124
2023-09-04,25963.03,26100.44,25624.03,25670.53,49250.621257756
2023-09-05,25664.94,25871.36,25554.77,25722.41,65598.105694676
2023-09-06,25722.41,26005.71,25403.69,25709.94,59888.692083148
2023-09-07,25711.28,26419.4,25600.05,26146.66,63287.650155676
2023-09-08,26172.91,26433.85,25667.68,25890.59,82178.33474341
2023-09-09,25888.97,25934.06,25789.16,25883.52,24415.662229157
2023-09-10,25883.51,25910.41,25577.43,25892.97,41406.043798351
2023-09-11,25915.41,26020.64,24905.27,25139.94,89888.304850041
2023-09-12,25139.95,26544.55,25077.98,26100.63,127832.87230939
2023-09-13,26098.67,26403.37,25761.85,26232.02,80109.118265125
2023-09-14,26232.03,26857.15,26128.6,26542.54,104390.98835906
2023-09-15,26542.54,26689.19,26224,26468.34,59465.165382703
2023-09-16,26469.19,26885.84,26450.47,26572.4,43191.273901451
2023-09-17,26572.4,26628.03,26404.56,26491.28,26792.278810412
2023-09-18,26491.28,27414.76,26383.39,26843.43,113103.68693542
2023-09-19,26843.44,27485.2,26673.92,27161.78,101615.83610039
2023-09-20,27161.78,27391.91,26805.32,27111.78,88809.308147644
2023-09-21,27113.72,27159.86,26375.86,26612.62,93259.471777987
2023-09-22,26612.62,26739.64,26470.2,26567.2,50223.082007928
2023-09-23,26567.48,26633.61,26510.06,26570.66,20927.689936915
2023-09-24,26570.65,26739.31,26341.49,26520.41,31044.041695605
2023-09-25,26520.42,26520.42,25994.02,26278.3,82087.321054393
2023-09-26,26278.3,26392.18,26080.57,26154.15,36857.227021849
2023-09-27,26226.88,26827.97,26094.3,26260.18,72515.039269508
2023-09-28,26260.55,27296.34,26260.54,27004.5,95009.364209761
2023-09-29,27002.22,27240.3,26664.67,26867.04,54547.546184203
2023-09-30,26867.03,27094.98,26862.37,27004.69,23111.075485607
2023-10-01,27004.68,27289.34,26956.25,27190.25,26236.137866492
2023-10-02,27183.1,28495.52,27158.26,27480.2,133384.65461797
2023-10-03,27480.2,27671.79,27165,27399.79,63518.53141409
2023-10-04,27399.79,27837.2,27213.82,27688.15,57637.33775197
2023-10-05,27687.74,28124.54,27358.61,27457.72,67755.766361033
2023-10-06,27457.42,28289.65,27197.45,28053.89,69061.359105646
2023-10-07,28056.66,28146.21,27858.11,27948.72,26152.871043001
2023-10-08,27948.63,28107.34,27710.65,27934.71,28430.079144834
2023-10-09,27932.8,27999.13,27322.43,27626,56237.949562966
2023-10-10,27627.02,27737.21,27298.82,27428.73,47131.896980045
2023-10-11,27428.73,27478.76,26532.04,26720.68,78512.174583555
2023-10-12,26720.68,26938.95,26544.12,26749.38,45271.3350779
2023-10-13,26749.38,27108.5,26679.25,27013.76,45947.516555479
2023-10-14,27012.07,27067.17,26755.19,26819.39,22564.478405465
2023-10-15,26818.4,27233.81,26807.45,27180.68,24020.484901308
2023-10-16,27180.72,30006.6,27038.45,28435.03,138322.84428259
2023-10-17,28435.04,28627.77,28081.5,28497.85,78739.66700115
2023-10-18,28490.27,28890.4,28154.42,28276.49,65404.028706704
2023-10-19,28272.62,28921.33,28146.89,28615.25,72256.524779645
2023-10-20,28615.53,30118.05,28592.29,29627.22,116188.57361671
2023-10-21,29627.23,30374.63,29478.03,29999.01,53483.208650466
2023-10-22,29999.05,30259.6,29721.96,29760.12,38797.867197162
2023-10-23,29760.12,31825.83,29724.68,31646.44,130649.93445998
2023-10-24,31646.45,35179.35,31611.43,34138.05,248025.15581552
2023-10-25,34121.58,35128.04,33691.39,34560.7,93329.866400267
2023-10-26,34560.7,34833.38,33749.33,34114.18,66955.484036719
2023-10-27,34114.18,34284.16,33408.01,33847.2,56389.062599184
2023-10-28,33847.2,34401.51,33793.92,34195.46,26361.342909756
2023-10-29,34195.81,34748.29,33936.45,34714.59,28297.657600788
2023-10-30,34714.59,34835.5,34133.9,34479.91,49801.099288446
2023-10-31,34480.27,34730.2,34051.55,34573.67,46353.529794398
2023-11-01,34573.66,35599.22,34107.63,35289.32,104311.85275878
2023-11-02,35291.22,35994.65,34332.4,34793.33,91982.149444066
2023-11-03,34793.33,34952.42,34123.07,34641.63,73665.184649966
2023-11-04,34641.63,35204.56,34599.01,35180.39,31942.826581118
2023-11-05,35177.82,35325.47,34482.79,34998.07,39707.727808052
2023-11-06,34999.38,35375.85,34757.54,35125.56,40658.230272704
2023-11-07,35125.56,35901.28,34535.49,35298.3,78472.939294789
2023-11-08,35298.31,35958.62,35108.78,35791.54,65456.178724954
2023-11-09,35793.65,37984.42,35552.79,36555.56,142118.89708426
2023-11-10,36549.24,37513.96,36352.63,37376.04,70513.179807524
2023-11-11,37371.14,37512.44,36728.97,36901.13,28256.395666407
2023-11-12,36901.2,37239.5,36746.54,37170.89,25199.869117614
2023-11-13,37170.89,37429.26,36341.73,36480.17,36202.289674791
2023-11-14,36482.44,36751.52,34765.81,35613.62,48859.986420952
2023-11-15,35610.12,37893.15,35366.25,37726.59,100808.66668973
2023-11-16,37730.12,37977.43,35513.08,36221.56,97430.742722296
2023-11-17,36225.08,36772.02,35873.1,36552.41,75421.997583235
2023-11-18,36552.41,36857.61,36210.92,36524.23,29945.872191797
2023-11-19,36523.88,37099.26,36361.78,36996.56,23262.190976008
2023-11-20,36996.57,37764.73,36706.38,37454.96,75368.777577691
2023-11-21,37454.45,37669.27,36276.4,36390.26,76234.23143443
2023-11-22,36393.05,37872.46,35657.89,37457.31,90660.157907999
2023-11-23,37455.97,37647.87,36895.76,37310.21,40946.058832445
2023-11-24,37319.41,38428.21,37255.99,37711.95,77076.855080802
2023-11-25,37711.95,37909.6,37610.83,37747.26,19782.108076161
2023-11-26,37746,37835.81,37169.99,37667.55,33453.558932469
2023-11-27,37667.55,37667.55,36716.16,37083.97,56996.158758716
2023-11-28,37083.97,38396.64,36871.73,37883.05,72340.502847992
2023-11-29,37884.94,38467.69,37584.29,37795.18,60069.578954796
2023-11-30,37795.18,38150.81,37510.52,37700.09,38973.402363957
2023-12-01,37705.61,38996.86,37611.15,38719.33,79324.61722488
2023-12-02,38719.33,39732.67,38660.54,39367.12,46238.657740697
2023-12-03,39372.97,40223.78,39294.1,40075.14,39772.654551376
2023-12-04,40077.17,42419.13,39793.9,41952.69,133044.49628691
2023-12-05,41941.6,44493.07,41416.48,44290.72,120536.77321949
2023-12-06,44290.72,44295.26,43390.78,43771.65,91151.990170931
2023-12-07,43761.07,44046.4,42870.42,43151.1,74997.27020067
2023-12-08,43151.11,44716.54,43093.75,44263.52,74162.388880628
2023-12-09,44278.06,44369.11,43734.88,43911.56,40610.600268458
2023-12-10,43903.42,44053.68,43605.92,43784.78,31043.52728108
2023-12-11,43779.07,43848.19,40188.02,41267.29,139910.51564317
2023-12-12,41267.28,42090.77,40645.84,41211.65,79445.110081324
2023-12-13,41211.65,43448.85,40563.11,42972.29,87165.095185049
2023-12-14,42972.29,43424.72,41784.82,43077.92,71816.075217662
2023-12-15,43077.92,43187.47,41656.42,42064.92,54249.41953329
2023-12-16,42064.92,42689.1,41625.15,42277.01,36206.86426833
2023-12-17,42277.02,42373.15,41532.36,41674.88,38724.89365602
2023-12-18,41674.89,42744.55,40515.1,42498.35,76321.5396796
2023-12-19,42498.36,43465.05,41797.42,42312.04,71296.716362736
2023-12-20,42312.05,44282.1,42192.07,43613.42,89791.39198058
2023-12-21,43610.82,44245.76,43290.54,43957.34,66097.098681279
2023-12-22,43957.78,44411.19,43422.98,43834.59,56738.461298685
2023-12-23,43834.59,44084.27,43330.07,43767.73,26751.076916688
2023-12-24,43767.72,43963.34,42704.43,43005.66,34504.338398773
2023-12-25,43007.5,43806.92,42755.57,43689.76,41910.6112594
2023-12-26,43689.75,43689.75,41703.68,42465.75,60515.068273422
2023-12-27,42465.75,43698.84,42103.14,43350.67,58480.250428701
2023-12-28,43356.09,43815.16,42273.56,42644.4,58361.441660273
2023-12-29,42647.05,43129.69,41306.88,41769.38,73384.112794043
2023-12-30,41769.38,42603.85,41521.75,42131.47,42126.05407118
2023-12-31,42125.3,42880.97,41981.6,42247.33,36974.709628641
2024-01-01,42250.67,43836.12,42053.81,43538.21,36699.932019991
2024-01-02,43538.2,45919.08,43538.2,44998.36,120428.89657588
2024-01-03,44998.59,45510.92,40823.78,42765.5,108719.30214483
2024-01-04,42766.39,44791.82,42607.7,44370.75,77637.561885182
2024-01-05,44370.75,44407.12,42530.83,44002.17,80687.059472485
2024-01-06,44006.7,44343.01,43436.73,43904.94,31715.856620247
2024-01-07,43904.95,44498.83,43726.66,43898.07,33319.345335153
2024-01-08,43890.92,47261.66,43201.08,47041.83,118738.47706107
2024-01-09,47041.83,47636.18,45198.27,46275.42,84466.746510942
2024-01-10,46266.32,46958.68,44331.13,46914.42,127091.90165764
2024-01-11,46914.42,48976.26,45596.8,46402.77,148231.48624513
2024-01-12,46402.78,46520.53,41717.08,42481.94,138419.26094049
2024-01-13,42464.55,43247.86,42426.37,42980.33,57983.414934712
2024-01-14,42980.34,43068.51,41974.38,42250.7,37350.906042198
2024-01-15,42250.8,43360.94,41688.01,42576.79,64329.206632143
2024-01-16,42588.94,43573.63,42058.22,43199.08,66835.933958268
2024-01-17,43199.09,43277.78,42162.79,42679.41,53088.112862974
2024-01-18,42679.41,42876.96,40597.85,41312.9,74618.920598175
2024-01-19,41303.61,42148.65,40259.3,41645.83,76408.345082307
2024-01-20,41645.83,41830.48,41418.58,41747.28,24371.975286794
2024-01-21,41747.27,41854.99,41503.41,41607.17,18120.252094424
2024-01-22,41607.16,41658.8,39415.31,39794.81,77887.770074087
2024-01-23,39793.06,40136.96,38514,39433.99,76509.535042704
2024-01-24,39453.27,40519.71,39437.34,39854.86,66375.128323978
2024-01-25,39854.85,40274.04,39523.9,39934.73,44992.076486968
2024-01-26,39934.73,42231.43,39801.82,41897.47,70596.833451697
2024-01-27,41897.47,42197.47,41390.56,42155.08,21989.855351794
2024-01-28,42154.96,42828.72,41617.91,41827.31,34179.562265188
2024-01-29,41833.46,43290.89,41746.94,43111.1,38069.14937321
2024-01-30,43110.23,43861.32,43078.11,43326.9,56885.727274788
2024-01-31,43324.01,43736.79,42287.4,42632.17,59896.933836671
2024-02-01,42632.18,43271.28,41851.41,42914.66,53725.915950887
2024-02-02,42914.67,43453.63,42522.12,43179.7,44085.316871205
2024-02-03,43179.69,43354.85,42864.13,43016.5,14230.766074317
2024-02-04,43016.69,43100.5,42299.56,42553.31,19989.513058358
2024-02-05,42553.3,43521.82,42236.14,42449.06,42834.128979659
2024-02-06,42449.02,43361.28,42406.53,43186.15,35561.744999577
2024-02-07,43186.17,44388.95,42757.21,44151.85,55145.822870113
2024-02-08,44151.85,45616.55,44143.85,45280.61,76259.428041657
2024-02-09,45283.39,48206.4,45246.19,47300.03,127769.34776623
2024-02-10,47300.03,48170.95,46834.16,47839.78,28922.202640318
2024-02-11,47839.78,48606.67,47577.78,48149.95,45700.986136718
2024-02-12,48150.32,50347.51,47713.89,50043.1,103663.95543325
2024-02-13,50043.11,50391.75,48311.12,49540.84,94361.860756993
2024-02-14,49540.85,52034.41,49251.73,51840.6,101476.81570916
2024-02-15,51843.07,52843.56,51364.29,51689.33,101669.86193773
2024-02-16,51685.67,52599.4,51601.54,52017.89,70623.229982702
2024-02-17,52017.88,52246.63,50645.26,51721.89,45309.023912948
2024-02-18,51721.88,52382.24,51188.91,52245.54,32638.015232431
2024-02-19,52245.55,52496.12,51685.69,51948.87,46114.824837922
2024-02-20,51948.88,52985.82,50765.05,52178.56,82625.529854201
2024-02-21,52178.56,52528.33,50640.53,51511.1,73262.73127889
2024-02-22,51499.72,52049.61,50913.27,51439.53,60757.826115993
2024-02-23,51422.69,51516.58,50643.52,50780.9,42423.065954652
2024-02-24,50780.9,51683.84,50521.28,51556.08,20744.839004713
2024-02-25,51556.08,51951.28,51281.39,51699.41,25182.26179274
2024-02-26,51699.42,54951.96,50907.1,54695.31,81063.05325731
2024-02-27,54695.32,57564.17,54477.53,56915.67,95934.923292314
2024-02-28,56915.67,64078.07,56725.3,61317.83,195024.6933835
2024-02-29,61317.84,63683.79,60362.5,61260.13,160293.75765667
2024-03-01,61260.13,63183.02,60797.67,62538.3,90462.430285599
2024-03-02,62538.21,62767.91,61674.84,61745.47,41259.636215506
2024-03-03,61745.46,63257.1,61431.89,62847.2,46606.480311321
2024-03-04,62855.69,68003.84,62397.81,68003.83,153787.75383565
2024-03-05,68003.83,68992.07,60331.58,63419.72,218712.23611034
2024-03-06,63469.76,67642.23,62832.51,65949.48,138842.53527884
2024-03-07,65949.49,68054.78,65593.61,67198.14,78758.790724182
2024-03-08,67198.14,69982.02,66303.66,68290.76,108565.88635867
2024-03-09,68283.08,68693.94,68030.75,68498.3,31510.388217725
2024-03-10,68497.62,70025.99,68218.17,68498.66,53940.381435524
2024-03-11,68515.29,72858.24,67623.4,72455.59,117076.81897755
2024-03-12,72455.6,72812.74,69082.29,71166.99,89194.217567995
2024-03-13,71166.99,73672.61,71041.11,72987.57,70485.06174122
2024-03-14,72988.31,73532.07,68668.88,71514.16,76678.843926456
2024-03-15,71503.51,72390,65619.8,69110.52,130813.64292103
2024-03-16,69110.51,70045.1,65756.63,66335.96,71767.958995964
2024-03-17,66318.61,68862.11,64499.73,68201.11,79466.32890256
2024-03-18,68203.96,68907.46,66562.01,67687.94,82326.674090513
